,Answers,Questions
0,A：染色体には人間の設計図にあたる遺伝子が集まっています。人の体は、顕微鏡でやっと見えるほどの小さな細胞が集まってできており、それぞれの細胞が染色体というものを46本持っています。下の図のように、精子と卵子が受精することにより、赤ちゃんは染色体をそれぞれ23本ずつ受け継ぎます。 したがって、人は、下の図のような2本1組となった染色体を23組、合計46本を持つことになります。,Ｑ１．染色体とは？
1,A：染色体には、人間の体の設計図にあたる遺伝情報があります。「染色体異常」とは、設計図に大きな変化が起こることを意味しています。染色体異常は、大きく２つに分けることができます。ひとつは通常は46本である染色体の数が増えたり減ったりする「数の変化」で、もうひとつは染色体の形が変わる「構造の変化」です。,Ｑ２．染色体異常とは？
2,A：染色体の数が46本より多くても少なくても染色体の異常となります。数の変化の代表的なものには、1組2本の常染色体の数が1本減って、1本だけになるモノソミーと呼ばれる状態と、逆に1本増えて3本になるトリソミーと呼ばれる状態があります。,Ｑ３．染色体の数の変化とは？
3,A：ダウン症候群の赤ちゃんの妊娠は、母親の年齢の上昇に伴って高くなることが知られています。これは、母親の加齢とともに、卵子の形成の過程に誤りが生じる可能性が高くなるためです。一方で、父親の年齢は影響を受けにくいとされています。,Ｑ４．母親の年齢とダウン症候群の赤ちゃんの妊娠には関係がありますか？
4,A：羊水を採取して赤ちゃんの染色体を調べる検査です。赤ちゃんは羊水の中に浮いているので、羊水の中には赤ちゃんの細胞が含まれています。この細胞の染色体を観察します。多くの施設では妊娠15週から18週に行われています。,Ｑ５．羊水染色体検査とは？ 
5,A：羊水染色体検査と同様の方法で、羊水を採取し羊水中に含まれるAFP濃度を測定する検査です。無脳症や二分脊椎といった開放性神経管奇形の赤ちゃんを妊娠している場合には、羊水中のAFP濃度が上がることが知られています。,Ｑ６．羊水中のアルファフェトプロテイン（AFP）を測定する検査とは？
6,"A：トリプルマーカーテストは、血液中の3つの成分（AFP, hCG, uE3）を測定して確率を算出する検査です。クアトロテストでは、これら３つの成分に、インヒビンAという物質を加えた合計4つの成分を測定して確率を算出します。ダウン症候群の確率の算出においてのみ、4つの成分を測定することが必要です。測定する血液中の成分が多いクアトロテストは、トリプルマーカーと比べてダウン症候群の精度が向上します。",Ｑ７. トリプルマーカーテストとクアトロテストとの違いは何ですか？
7,A：双胎妊娠の妊婦さんにも、クアトロテストを受けていただくことができます。ただし、双胎妊娠の場合は以下の表のように結果の報告に制限があります。なお、三胎の場合は、開放性神経管奇形についてのみスクリーニング陰性/陽性および確率が報告されます。,Ｑ８． 双胎妊娠の場合もクアトロテストを受けることはできますか？
8,測定値には人種差があります。日本人の妊婦さんの場合には、日本人データを使って確率を計算します。そのほか、白人・アフリカ系アメリカ人・その他（アジア人を含む）の分類があります。,Ｑ９. クアトロテストの確率の算出には、4つの血液成分以外にも様々な因子を考慮すると聞きました。それぞれの因子が結果に与える影響は？
9,A：お問合せより、その旨をお問い合わせください。,Ｑ１０.クアトロテストを受けることを考えています。 クアトロテストを実施している病院はわかりますか？
10,A：羊水染色体検査をお受けになられるかどうかは、クアトロテストの結果が同じ確率であったとしても、妊婦様やご家族の考え方によって異なっております。,Ｑ１１. クアトロテストを受けましたが、羊水染色体検査を受けるかどうか迷っています。判断の基準はありますか？
